{"cameraMode":{"drawMode":0,"name":"Shaded","section":"Shading Mode"},"sceneLighting":true,"audioPlay":false,"sceneViewState":{"m_AlwaysRefresh":false,"showFog":true,"showSkybox":true,"showFlares":true,"showImageEffects":true,"showParticleSystems":true,"showVisualEffectGraphs":true,"m_FxEnabled":true},"in2DMode":false,"pivot":{"x":0.8894238471984863,"y":-3.993332862854004,"z":-10.523717880249024},"rotation":{"x":0.3807448744773865,"y":0.03760252520442009,"z":-0.012822065502405167,"w":0.9244304299354553},"size":11.483445167541504,"orthographic":true}