{"cameraMode":{"drawMode":0,"name":"Shaded","section":"Shading Mode"},"sceneLighting":true,"audioPlay":false,"sceneViewState":{"m_AlwaysRefresh":false,"showFog":true,"showSkybox":true,"showFlares":true,"showImageEffects":true,"showParticleSystems":true,"showVisualEffectGraphs":true,"m_FxEnabled":true},"in2DMode":false,"pivot":{"x":3.723237991333008,"y":-1.1622304916381837,"z":-11.704919815063477},"rotation":{"x":0.5156015157699585,"y":0.07896783202886582,"z":-0.04444378241896629,"w":0.8526836037635803},"size":16.958812713623048,"orthographic":true}